mode,probe_id,probe_text,neighbor_id,cosine,neighbor_line,neighbor_text
lexical,input-01,私は最強だ。,raw-L02995,0.3846368410484323,2996,"アムロは最強だべ？
俺がいなければだがよ"
lexical,input-02,すでに時間切れだった。,raw-L15815,0.22961228539605327,15816,現代読みははぐるまだが本来ははしゃだった。お前らはより日本史を勉強するべき。
lexical,input-03,敵を瞬殺した。,raw-L03606,0.2075421550425462,3607,"今日俺のＨＰを荒らした馬鹿を殺した
タイマンだがギガトンパンチで瞬殺した"
lexical,input-04,私は動かないです。,raw-L09837,0.3575101783579255,9838,"早く謝ってください！ナイトには攻撃きかない！
僕は絶望的な戦いはしたくないです
必死に逃げてもとんずらされて後ろから切られたくないです！はやくあやまっテ！！"
lexical,input-05,存在感が桁外れだ。,raw-L13613,0.10427564543563157,13614,"ナイトが装備する最強武器はいろいろある
忍者ごときがｺﾞﾁｬｺﾞﾁｬ五月蝿いよ？
ナイトは忍者の人気を落とすような薄汚いマネはしないんだが汚いよな忍者は・・
自分の地位をまもるために何か必死杉で笑えるし
それに比べてナイトは忍者みたいに汚くないな
存在感が桁外れな存在感なのでたびたび人と
接触するけどこれも相手にされない雑魚の不可抵抗な妬み関係がほとんど
だがそう言うやつらも最期にはふれひすからな
ナイトは別格だという事を思い知らされる事件だったかな・・そいつはナイトの権力でＬＳの法律を乱すので削除されたらしい"
lexical,input-06,今日は寒い。,raw-L05970,0.907140322616854,5971,今日は休み
lexical,input-07,今日は寒いです。,raw-L05970,0.8128402671933672,5971,今日は休み
lexical,input-08,田中が佐藤を助けた。,raw-L02655,0.25274463003686687,2656,ロトさん助けて
lexical,input-09,田中がAを復旧した。Bは停止中で、私は明日確認する。,raw-L15989,0.14804148048583657,15990,"目の前で上級者の人達が激AAAを山積みにしている画面を見て俺は知ったんだよ。
その人達は激この子とかそういったレベルを遥かに越えている。

どうやってもあの人たちに追いつけるはずがない。
中には俺がクリアすらできない鬼FaXXをAAでクリアしている人もいる。

この人達の目の前でプレイすること自体恐れ入るものがあるが、
俺も最低限の努力として足9までは全て埋めようと100円玉を何枚も犠牲にした。
しかし叶わなかった。

そんな低レベルの人間があの人達の前でプレイして良いものかと考えた。
その結果、俺はもうこのゲームをプレイできる人間ではないと理解した。

そのくらいは普通考えるだろう。"
lexical,input-10,私は処理の速度をアピールしました。,raw-L15524,0.1338124598000251,15525,"なるほど
これで光は無実と証明されましたね
潔白美"
lexical,input-11,全員に助言したが、雰囲気は悪かった。,raw-L14686,0.324055486787046,14687,全員
lexical,input-12,私は怒りが頂点に達した。,raw-L08757,0.1649921289988107,8758,"感動した
バカな偽善白魔に鉄槌ありがとう（感涙）"
lexical,input-13,私はとても悲しかった。,raw-L15836,0.24560751981086582,15837,言われてみればそうかもしれなかった。一理ある。
lexical,input-14,資料は貴重です。,raw-L01213,0.40447532302942835,1214,童貞ですかぁ？
lexical,input-15,全然動かない。,raw-L05573,0.23308936723561235,5575,"ヴァサーゴ：超強力に最強。入手超困難。持ってると凄くうらやましがられる。

デモスラ：中途半端な性能。比較的お手軽に入手可能。持ってても全然凄いと思われない。

バーバリ：性能、入手条件はデモスラと同等。持ってても誰も気が付かない。"
lexical,input-16,それは確実だ。,raw-L01193,0.1669534914098158,1194,俺のは事実だから妄想とは言わないで現実だべ？
lexical,input-17,全員が速さとスピードを比較した。,raw-L01276,0.35848808444489416,1277,"本当は１０００キロ
マッハ音速のスピードだべ"
lexical,input-18,速度制限を確認した。,raw-L11537,0.1468717583554029,11538,"10分も考えて無い。１分で完成した。自分の信念があるから意見は瞬間で出るが？
ひまじゃないからずっと見てるわけじゃないというだけ
で？言いたい事はおわったか？"
lexical,input-19,私は明日確認するかもしれない。,raw-L06582,0.4318026263998903,6583,"グラットン狼鯖１１０万
どんどん値上がりしてる
明日には２００万越えるかもしれない"
lexical,input-20,私は確認しませんでした。,raw-L15101,0.23068353697479904,15102,ばかかこいつ【練習相手になりません】
lexical,input-21,田中は「私は全員に助言します」と言った。,raw-L14686,0.259374533072252,14687,全員
lexical,input-22,私は助言したと田中が言った。,raw-L02595,0.25924438451946086,2596,このスレはロトさんが言ったとおり馬鹿ばかりだな
lexical,input-23,私は100件の記録を確認した。,raw-L01315,0.31005363920897244,1316,ロトさんの限界は350＋650＝1000だべ？
lexical,input-24,私はAからBへ3個を渡した。,raw-L11537,0.1839491999132788,11538,"10分も考えて無い。１分で完成した。自分の信念があるから意見は瞬間で出るが？
ひまじゃないからずっと見てるわけじゃないというだけ
で？言いたい事はおわったか？"
lexical,input-25,確認してくれてありがとうございます。,raw-L08757,0.32185639176716035,8758,"感動した
バカな偽善白魔に鉄槌ありがとう（感涙）"
lexical,input-26,どうすればいいですか？,raw-L01229,0.3784474467026363,1230,初体験はいつですか？
lexical,input-27,もし全員が来れば確認する。,raw-L14686,0.4173127001879725,14687,全員
lexical,input-28,私立学校で雰囲気を調べた。,raw-L01210,0.16915116340589184,1211,不良だから学校さぼるべ？
lexical,input-29,田中がAを復旧した。,raw-L15989,0.17005685480505878,15990,"目の前で上級者の人達が激AAAを山積みにしている画面を見て俺は知ったんだよ。
その人達は激この子とかそういったレベルを遥かに越えている。

どうやってもあの人たちに追いつけるはずがない。
中には俺がクリアすらできない鬼FaXXをAAでクリアしている人もいる。

この人達の目の前でプレイすること自体恐れ入るものがあるが、
俺も最低限の努力として足9までは全て埋めようと100円玉を何枚も犠牲にした。
しかし叶わなかった。

そんな低レベルの人間があの人達の前でプレイして良いものかと考えた。
その結果、俺はもうこのゲームをプレイできる人間ではないと理解した。

そのくらいは普通考えるだろう。"
lexical,input-30,Bは停止中だ。,raw-L00051,0.20137137682963324,52,"雑魚扱いは嫌だな。
一応、これでも狩ってるんだ。
お前らごときにゃ、負けねぇよ"
lexical,input-31,私は明日確認する。,raw-L15836,0.10136063749564309,15837,言われてみればそうかもしれなかった。一理ある。
lexical,input-32,田中は佐藤を助けなかった。,raw-L15836,0.38593638509700395,15837,言われてみればそうかもしれなかった。一理ある。
lexical,input-33,担当者が100件の記録を確認した。,raw-L01315,0.287541768440414,1316,ロトさんの限界は350＋650＝1000だべ？
lexical,input-34,今日は雨が降っている。,raw-L05970,0.6429493253829012,5971,今日は休み
lexical,input-35,会議が長くて疲れた。,raw-L15909,0.11743077877268505,15910,"俺は一応其ホーム常連の１人で弐寺を主にやっていたのだが、ある日集団5、6人で
何かいかにもランカーっぽいやつらが来た。そして少し会話が聞こえてきて遠征組らしかった。
ここはメンテも最高だしまあ無理もないと思い、そしてどんな実力かも見てみたかった。
しかしあきらかにむかついた言葉が奴らから出てきた。俺の常連の１人がプレイ中、
遠征組みの2人が「ここどうよ？」もう一人が「カスぞろいやな」
はあ？何勝手に見下してくれてんの、ボケが！(心の声)俺は大人としてこらえたが、凄く腹ただしかった。
そしてあいつらの番、プレイヤーはたしか俺らをカス扱いしてたあいつ(多分リーダーぽかった)たしかにホームで
自信の穴クエ鳥を(ぎりぎりだが)あっさり塗り替えられた。
余裕で19万越え、たしかに上手い。その他いろいろ地元の筺体TOPのスコアを塗り替えられまくった。
しかし奴らの行動を見ていたらぎゃーぎゃー騒ぎまくるビデオ撮るわで大迷惑だった。
たしかに上手いけど人としての器がちっちゃいのは上手いを別に恥ずべきことだと思った。地元では本当に迷惑だった。"
lexical,input-36,念のため資料を何度も見直したので提出が遅れた。,raw-L06874,0.2967574723159587,6875,全てが解決したのでこれで終了
lexical,input-37,田中が確認したと佐藤が言った。,raw-L02595,0.2370927690241176,2596,このスレはロトさんが言ったとおり馬鹿ばかりだな
lexical,0c7d8d48d955dc60eb1b1f19,俺は最強に強い。,raw-L02002,0.6200821975334915,2003,北海道の最強に強い
lexical,5068b5d2023ea1d0e6dc14a0,俺は最強だからな。,raw-L02601,0.41672444001714565,2602,世界１だからな
lexical,4eb0e5a37acadbed160cea90,時既に時間切れだったんだが。,raw-L10836,0.26633022151072183,10838,>>404　ほう？お前晒されたいのかよ？脅しのつもりだったんだがお前の名前言えよ？晒してやっからよー？！
lexical,d9234388e3e491bf2349cbc8,時既に時間切れだったからな。,raw-L08524,0.20879409755568137,8525,ＰＫだった
lexical,9cdd8b27875970fd09044090,時既に時間切れだった。,raw-L15815,0.2527588074556549,15816,現代読みははぐるまだが本来ははしゃだった。お前らはより日本史を勉強するべき。
lexical,f0df1669300c694366a5e197,敵を瞬殺で倒した。,raw-L00754,0.3932456188304345,755,"さらに８人ギガスラッシュで命中されて瞬殺で倒した
残りはあと５人だべ？"
lexical,3b37fb0f431270d49cc1fe42,敵を瞬殺したからな。,raw-L03472,0.27909955824092075,3473,"やめとけ
やったら殺す
前のＨＰ荒らした奴は全員住んでる住所をつきとめて殺したからな"
lexical,6970657c1aa5abba94f73edb,俺は動かないです。,raw-L09837,0.34964736680172426,9838,"早く謝ってください！ナイトには攻撃きかない！
僕は絶望的な戦いはしたくないです
必死に逃げてもとんずらされて後ろから切られたくないです！はやくあやまっテ！！"
lexical,904087b6c682009ce696fdc3,俺は動かないからな。,raw-L05822,0.2766389185071456,5823,"だから防御高いからそんなの全然効かないって
暗黒は雑魚にしか大ダメージ出せないからな"
lexical,a28e9f1e2d71f81ea8268408,俺は動かないんだが。,raw-L15690,0.2573495460187471,15691,"は？日本語なんだが？

はぁ？それはありえないんだが？
資料であることとそうでないことはテレビの報道によるニュースで明らかだぞ？"
lexical,04479d50da9635528e3eadb7,存在感が桁外れな存在感だ。,raw-L13613,0.1346464955796993,13614,"ナイトが装備する最強武器はいろいろある
忍者ごときがｺﾞﾁｬｺﾞﾁｬ五月蝿いよ？
ナイトは忍者の人気を落とすような薄汚いマネはしないんだが汚いよな忍者は・・
自分の地位をまもるために何か必死杉で笑えるし
それに比べてナイトは忍者みたいに汚くないな
存在感が桁外れな存在感なのでたびたび人と
接触するけどこれも相手にされない雑魚の不可抵抗な妬み関係がほとんど
だがそう言うやつらも最期にはふれひすからな
ナイトは別格だという事を思い知らされる事件だったかな・・そいつはナイトの権力でＬＳの法律を乱すので削除されたらしい"
lexical,7c9b4c03ada1c799a5d763ac,存在感が桁外れな存在感なんだが。,raw-L13613,0.14965712948450527,13614,"ナイトが装備する最強武器はいろいろある
忍者ごときがｺﾞﾁｬｺﾞﾁｬ五月蝿いよ？
ナイトは忍者の人気を落とすような薄汚いマネはしないんだが汚いよな忍者は・・
自分の地位をまもるために何か必死杉で笑えるし
それに比べてナイトは忍者みたいに汚くないな
存在感が桁外れな存在感なのでたびたび人と
接触するけどこれも相手にされない雑魚の不可抵抗な妬み関係がほとんど
だがそう言うやつらも最期にはふれひすからな
ナイトは別格だという事を思い知らされる事件だったかな・・そいつはナイトの権力でＬＳの法律を乱すので削除されたらしい"
lexical,bd08c302a3e84ba876c0bb16,存在感が桁外れな存在感だからな。,raw-L02601,0.4164219230555039,2602,世界１だからな
lexical,4146e1acb40acb3dccaa7bda,今日は寒いんだが。,raw-L05970,0.7448187833621794,5971,今日は休み
lexical,4658cf1c15ce08ebe796b5d6,今日は寒いからな。,raw-L05970,0.7387104075811959,5971,今日は休み
lexical,8b227ab3d843d610524e7a8e,今日は寒いんだが。,raw-L05970,0.7448187833621794,5971,今日は休み
lexical,c0aec3982d3b6fe609a40709,今日は寒いからな。,raw-L05970,0.7387104075811959,5971,今日は休み
lexical,dc2a59036253e31e340b435f,田中が佐藤を助けたからな。,raw-L02601,0.1878089705620944,2602,世界１だからな
lexical,a85b95ccde49e8eafad4ab2e,田中が佐藤を助けたんだが。,raw-L15578,0.2207593379614307,15579,"光は2ｃｈ見てないってさっきも言ったんだが
ちゃんとログくらい読めよ"
lexical,24dae526f57096afb10db831,田中がAを復旧したからな。Bは停止中で、俺は明日確認する。,raw-L03472,0.19451374063795998,3473,"やめとけ
やったら殺す
前のＨＰ荒らした奴は全員住んでる住所をつきとめて殺したからな"
lexical,b0fa7fdcfd7067cb5a38f21b,田中がAを復旧したんだが。Bは停止中で、俺は明日確認する。,raw-L04861,0.22561693136324468,4862,"その分隔の差がでかいだろ
だからこの二つで比較したんだが、頭平気か？

おまえこそ釣りだろ"
lexical,2492c5af63973a27830c1aee,田中がAを復旧した。Bは停止中で、俺は明日確認する。,raw-L15989,0.1732415754997897,15990,"目の前で上級者の人達が激AAAを山積みにしている画面を見て俺は知ったんだよ。
その人達は激この子とかそういったレベルを遥かに越えている。

どうやってもあの人たちに追いつけるはずがない。
中には俺がクリアすらできない鬼FaXXをAAでクリアしている人もいる。

この人達の目の前でプレイすること自体恐れ入るものがあるが、
俺も最低限の努力として足9までは全て埋めようと100円玉を何枚も犠牲にした。
しかし叶わなかった。

そんな低レベルの人間があの人達の前でプレイして良いものかと考えた。
その結果、俺はもうこのゲームをプレイできる人間ではないと理解した。

そのくらいは普通考えるだろう。"
lexical,2e8c9dfce853e882911a0600,俺は処理の速さとスピードをアッピルしたんだが。,raw-L01276,0.32256846725836946,1277,"本当は１０００キロ
マッハ音速のスピードだべ"
lexical,33e9c0376b866baac9fb4bf1,俺は処理の速さとスピードをアッピルしたからな。,raw-L01276,0.3147270083039302,1277,"本当は１０００キロ
マッハ音速のスピードだべ"
lexical,cf6f48a5992dde59addb0590,俺は処理の速さとスピードをアッピルしました。,raw-L01276,0.33059742124042274,1277,"本当は１０００キロ
マッハ音速のスピードだべ"
lexical,b75deb4cca8e208ba922162e,ぜいいんにアドバイスを助言したが、ふいんきは悪かったからな。,raw-L10484,0.14643051965424966,10486,"ldyLBSRAからのレスが遅いな。怒って帰ったかな。
怒って当然か。お前等は無関係の人を一人晒してしまってそれに常識を持ったldyLBSRAを本人扱いしようとしたんだからな
ここで調子に乗ったやつぜいいんここで名前言って謝るべきだぞ"
lexical,f9cf994c482f1a6f7c768535,ぜいいんにアドバイスを助言したが、ふいんきは悪かったんだが。,raw-L15578,0.1603080226894802,15579,"光は2ｃｈ見てないってさっきも言ったんだが
ちゃんとログくらい読めよ"
lexical,9c9765a81213f9aa1b2c5570,ぜいいんに助言したが、ふいんきは悪かったからな。,raw-L10484,0.1591261251557874,10486,"ldyLBSRAからのレスが遅いな。怒って帰ったかな。
怒って当然か。お前等は無関係の人を一人晒してしまってそれに常識を持ったldyLBSRAを本人扱いしようとしたんだからな
ここで調子に乗ったやつぜいいんここで名前言って謝るべきだぞ"
lexical,03ddc7467fecefdca439d19b,俺は怒りが有頂天になった。,raw-L09716,0.19448068828600512,9717,"お前らは一級廃人のおれの足元にも及ばない貧弱一般人
その一般人どもが一級廃人のおれに対してナメタ言葉を使うことでおれの怒りが有頂天になった
この怒りはしばらくおさまる事を知らない"
lexical,f0c669b452d59066f503ccc5,俺は怒りが頂点に達したからな。,raw-L03472,0.2551424617331828,3473,"やめとけ
やったら殺す
前のＨＰ荒らした奴は全員住んでる住所をつきとめて殺したからな"
lexical,bde0176d7e6d8c507fc17601,俺は深い悲しみに包まれた。,raw-L13109,0.2073412791459111,13110,"は？俺がブロント？なんでそうなるのかわけわからん
第三者の中立的立場から客観的な意見を言ってるだけなんだが・・・

ブロントは鯖のトップに立つ大物だから特に嫉妬がすごかったらしい
きっと鬼の首取ったように周囲が騒ぎブロントは深い悲しみに包まれた"
lexical,341f741ec31fce94d49ce80c,俺はとても悲しかったからな。,raw-L08132,0.18075460077208835,8133,どうやら煽るだけで誰も完璧な評価表を作れないので俺のが正しかった
lexical,d738acb4a2f696ff2120fd27,資料は貴重に大切です。,raw-L01213,0.22016248169201177,1214,童貞ですかぁ？
lexical,8c157b7b06412f089be951bb,全然全く動かない。,raw-L05573,0.2039053510938129,5575,"ヴァサーゴ：超強力に最強。入手超困難。持ってると凄くうらやましがられる。

デモスラ：中途半端な性能。比較的お手軽に入手可能。持ってても全然凄いと思われない。

バーバリ：性能、入手条件はデモスラと同等。持ってても誰も気が付かない。"
lexical,0ad409ec053a0184986ba60e,全然全く動かないからな。,raw-L05822,0.28984335504887543,5823,"だから防御高いからそんなの全然効かないって
暗黒は雑魚にしか大ダメージ出せないからな"
lexical,daebc811f9093435b78c99db,全然全く動かないんだが。,raw-L15690,0.22456210999057583,15691,"は？日本語なんだが？

はぁ？それはありえないんだが？
資料であることとそうでないことはテレビの報道によるニュースで明らかだぞ？"
lexical,e692b8eaec24c06b189d8b7b,それは確定的なんだが。,raw-L15690,0.18065188404916263,15691,"は？日本語なんだが？

はぁ？それはありえないんだが？
資料であることとそうでないことはテレビの報道によるニュースで明らかだぞ？"
lexical,1c35b460c04544efe79d2884,それは確定的だからな。,raw-L02601,0.4000076341012904,2602,世界１だからな
lexical,edc31b0a9049a9621bece27f,それは確定的だ。,raw-L05164,0.17441284693741727,5166,まぁ、デモスラ＞＞＞＞＞＞バーバリアンは確定だべな
lexical,59e001e6ab085fe81cd5beb9,ぜいいんが速さとスピードを比較した。,raw-L01276,0.3046683786336918,1277,"本当は１０００キロ
マッハ音速のスピードだべ"
lexical,8fb7d6cd490dbad2d8374588,ぜいいんが速さとスピードを比較したからな。,raw-L01276,0.27819866615659333,1277,"本当は１０００キロ
マッハ音速のスピードだべ"
lexical,c2bfcb86bf2ccdbbe7bf07a3,ぜいいんが速さとスピードを比較したんだが。,raw-L01276,0.28357021455664205,1277,"本当は１０００キロ
マッハ音速のスピードだべ"
lexical,1d2fd3e1a0aee85c3f141d2d,速度制限を確認したんだが。,raw-L04861,0.3224104995478411,4862,"その分隔の差がでかいだろ
だからこの二つで比較したんだが、頭平気か？

おまえこそ釣りだろ"
lexical,3d3e7d66562d700e6d922c29,速度制限を確認したからな。,raw-L03472,0.2691655343288857,3473,"やめとけ
やったら殺す
前のＨＰ荒らした奴は全員住んでる住所をつきとめて殺したからな"
lexical,4ba3486c499b6a19ca2e136f,俺は明日確認するかもしれない。,raw-L06582,0.4284590960797278,6583,"グラットン狼鯖１１０万
どんどん値上がりしてる
明日には２００万越えるかもしれない"
lexical,83c46ecc4fe1ca40f941980d,俺は確認しなかったからな。,raw-L06936,0.22831338217247307,6937,"やはりそうか
もしあいつが犯人ならここから消えた後にすぐFFに現れるのは不自然じゃないからな
ところが昨日はそうじゃなかったからやはり無実でしょう"
lexical,630baea60fceeb0578858b08,俺は確認しなかったんだが。,raw-L13095,0.290452294273191,13096,"当時はブロントの鯖で持ってる人いなかったんだが
ブロントを知らないくせにあんまりふざけたこと言うなよ"
lexical,098b620b57582dd36f767bc9,俺は確認しませんでした。,raw-L15101,0.22741543477240939,15102,ばかかこいつ【練習相手になりません】
lexical,f2f92e2f8191ddcd5fac1dfe,俺は100件の記録を確認したんだが。,raw-L04861,0.2795178625288929,4862,"その分隔の差がでかいだろ
だからこの二つで比較したんだが、頭平気か？

おまえこそ釣りだろ"
lexical,370ced74890ddbbec6b93afb,俺は100件の記録を確認したからな。,raw-L03472,0.23697707866133447,3473,"やめとけ
やったら殺す
前のＨＰ荒らした奴は全員住んでる住所をつきとめて殺したからな"
lexical,55564699f8452b555bc9309a,俺は100件の記録を確認した。,raw-L01315,0.3037978953995511,1316,ロトさんの限界は350＋650＝1000だべ？
lexical,a97417e9ea3aea4c342759f7,俺はAからBへ3個を渡したんだが。,raw-L04861,0.3470655321364254,4862,"その分隔の差がでかいだろ
だからこの二つで比較したんだが、頭平気か？

おまえこそ釣りだろ"
lexical,dba3429ac8d34476f1bc4d3e,俺はAからBへ3個を渡したからな。,raw-L03472,0.28386416320627283,3473,"やめとけ
やったら殺す
前のＨＰ荒らした奴は全員住んでる住所をつきとめて殺したからな"
lexical,a0a8ef828ba112e6d0f70d00,俺はAからBへ3個を渡した。,raw-L11537,0.17633049208975515,11538,"10分も考えて無い。１分で完成した。自分の信念があるから意見は瞬間で出るが？
ひまじゃないからずっと見てるわけじゃないというだけ
で？言いたい事はおわったか？"
lexical,65f8f45806be513b274d0e75,もしぜいいんが来れば確認する。,raw-L10168,0.1756394594124724,10170,"黙れよ。Fulioは結構いいやつだと言う事はぜいいん知ってること
それに謙虚だからウソ言うやつは死ねよ（本気で）
お前等そんなこと言ってるけど超装備のうらやましんだろう？死ねよ"
lexical,82194e41426a7cfe046297b4,私立学校でふいんきを調べた。,raw-L01210,0.15419519090502568,1211,不良だから学校さぼるべ？
lexical,8b17ae36dc41dda0e792a299,私立学校でふいんきを調べたからな。,raw-L02601,0.1601315489830813,2602,世界１だからな
lexical,18c27da631462029ab0e6038,私立学校でふいんきを調べたんだが。,raw-L15578,0.1824907877591397,15579,"光は2ｃｈ見てないってさっきも言ったんだが
ちゃんとログくらい読めよ"
lexical,9fd74965954422d091288be5,田中がAを復旧したからな。,raw-L03472,0.2618439789807104,3473,"やめとけ
やったら殺す
前のＨＰ荒らした奴は全員住んでる住所をつきとめて殺したからな"
lexical,5e277fb454994996df935fe9,田中がAを復旧したんだが。,raw-L04861,0.31247687801834967,4862,"その分隔の差がでかいだろ
だからこの二つで比較したんだが、頭平気か？

おまえこそ釣りだろ"
lexical,68faef2a12a47cc8049c206b,Bは停止中なんだが。,raw-L15686,0.2575953825840909,15687,"しかし漫画家の小幡はナイフを見つかることがどれだけ馬鹿なんだよ。
普通は郵送で送ることが基本なんだが？素人がナイフ持つなと言いたい。"
lexical,1000edcfaba44089832295fa,Bは停止中だからな。,raw-L02601,0.7148615866290167,2602,世界１だからな
lexical,66dbef94505c5ba041a2cc3b,俺は明日確認するんだが。,raw-L00877,0.2239606578090545,878,"なんでゼータ２馬鹿にするんだ？
おまえらはゼータ２より強いのか？"
lexical,cfcd3fcf5c33cb7ef1cfcf4e,俺は明日確認するからな。,raw-L07232,0.2405255928803411,7233,"うるさいないちいち
ちょっと間違えて勘違いしただけだろ
焦ってれば誰でもミスはするからな"
lexical,44f755efebe1fd5937673221,俺は明日確認する。,raw-L00189,0.12568769509713867,190,俺は高二だ
lexical,fca2386d4769cbe241f14b48,田中は佐藤を助けなかったんだが。,raw-L13095,0.2741378977891177,13096,"当時はブロントの鯖で持ってる人いなかったんだが
ブロントを知らないくせにあんまりふざけたこと言うなよ"
lexical,1c7d67e7f192da20cd18da2b,田中は佐藤を助けなかったからな。,raw-L06936,0.21645490770316145,6937,"やはりそうか
もしあいつが犯人ならここから消えた後にすぐFFに現れるのは不自然じゃないからな
ところが昨日はそうじゃなかったからやはり無実でしょう"
lexical,2387d96b0e46ace380a2be10,担当者が100件の記録を確認したんだが。,raw-L04861,0.26964213704387524,4862,"その分隔の差がでかいだろ
だからこの二つで比較したんだが、頭平気か？

おまえこそ釣りだろ"
lexical,3e0aa1efda6b5289c5805dfd,担当者が100件の記録を確認したからな。,raw-L03472,0.22935892597236296,3473,"やめとけ
やったら殺す
前のＨＰ荒らした奴は全員住んでる住所をつきとめて殺したからな"
lexical,602f2410c67d0f3094ebee9f,今日は雨が降っているんだが。,raw-L05970,0.555223531754337,5971,今日は休み
lexical,71cf283ce550dc7618356890,今日は雨が降っているからな。,raw-L05970,0.5561387592072379,5971,今日は休み
lexical,f92914a4ab68e29872fa2ecd,会議が長くて疲れたんだが。,raw-L15578,0.24660007250321206,15579,"光は2ｃｈ見てないってさっきも言ったんだが
ちゃんとログくらい読めよ"
lexical,070c88f21c275d1625904bf3,会議が長くて疲れたからな。,raw-L03602,0.28986096692506924,3603,"呼ばれたから来たべ
俺の偽者がいるとはいい度胸だな"
lexical,e2b2afc844fbcdf70c0d279b,念のため資料を何度も見直したので提出が遅れたからな。,raw-L06874,0.26291604177068106,6875,全てが解決したのでこれで終了
lexical,8f02c51e0e2e3fb6c60603a2,念のため資料を何度も見直したので提出が遅れたんだが。,raw-L06874,0.291323784454689,6875,全てが解決したのでこれで終了
script_masked,input-01,私は最強だ。,raw-L15794,0.925074652156461,15795,奴らだな強情な。
script_masked,input-02,すでに時間切れだった。,raw-L10714,0.7844366259879474,10716,俺に聞かれてもわかるわけない。
script_masked,input-03,敵を瞬殺した。,raw-L15836,0.5440939791320274,15837,言われてみればそうかもしれなかった。一理ある。
script_masked,input-04,私は動かないです。,raw-L10714,0.978936797555465,10716,俺に聞かれてもわかるわけない。
script_masked,input-05,存在感が桁外れだ。,raw-L00009,0.5996416363868766,10,精神も一応体の一部だぞ
script_masked,input-06,今日は寒い。,raw-L15794,0.5026134790637827,15795,奴らだな強情な。
script_masked,input-07,今日は寒いです。,raw-L10714,0.8495097659460833,10716,俺に聞かれてもわかるわけない。
script_masked,input-08,田中が佐藤を助けた。,raw-L08021,0.604614838042981,8022,本人に聞いた
script_masked,input-09,田中がAを復旧した。Bは停止中で、私は明日確認する。,raw-L02591,0.448887443873016,2592,正解だ、覚えとけ
script_masked,input-10,私は処理の速度をアピールしました。,raw-L04527,0.7188618542023159,4528,"一番攻撃力のダメージがすごいやつが最強に決まってるだろ
頭悪ぃな"
script_masked,input-11,全員に助言したが、雰囲気は悪かった。,raw-L15758,0.6979350881819222,15759,"挙動不審なのが明らかだし、普通は捕まらないのは
小幡が可能性的にクスリの疑いがあったからだし。
そんな理由は通らない。"
script_masked,input-12,私は怒りが頂点に達した。,raw-L08021,0.629820243314555,8022,本人に聞いた
script_masked,input-13,私はとても悲しかった。,raw-L10714,0.9228170811693324,10716,俺に聞かれてもわかるわけない。
script_masked,input-14,資料は貴重です。,raw-L01893,0.5653083275670383,1894,俺の名字は加藤だべ
script_masked,input-15,全然動かない。,raw-L10714,0.7420477122595175,10716,俺に聞かれてもわかるわけない。
script_masked,input-16,それは確実だ。,raw-L15794,0.9864221549153622,15795,奴らだな強情な。
script_masked,input-17,全員が速さとスピードを比較した。,raw-L01617,0.6641825198027151,1618,ギガデインの雷は超強烈なダメージの威力が出るべ
script_masked,input-18,速度制限を確認した。,raw-L00009,0.596713305069662,10,精神も一応体の一部だぞ
script_masked,input-19,私は明日確認するかもしれない。,raw-L10714,0.8093509624445026,10716,俺に聞かれてもわかるわけない。
script_masked,input-20,私は確認しませんでした。,raw-L10714,0.9040779636695859,10716,俺に聞かれてもわかるわけない。
script_masked,input-21,田中は「私は全員に助言します」と言った。,raw-L14212,0.5190120556321325,14213,"勘違いしている物がいるがナイトは盾としても最高級だが
アタッカーとしても最高級品だというだけの話だな
俺はつい最近ＰＴになったんだが俺が入った後で忍者が現れた
俺より入荷が遅かったので確実に明らかに盾としてではなかったが
いざ戦闘が始るといきなり挑発する馬鹿忍者だったので俺が「俺が盾なので挑発する暇があるならば攻撃しろ」というと
「空蝉あるから分散させた方が良い」といったので「じゃ挑発はするな」といった
するとどうだろう俺からタゲが剥がれないという事件が起きた「俺は俺を殺す気か？」と裏テルすると
忍者は「ナイトの攻撃が強くて挑発なしではタゲが取れない」すると戦士が「しかも固いので敵の恨みが発散していない」といわれた
俺はなるほどと思ったついに忍者と戦士がナイトに負けを認めた瞬間だったという"
script_masked,input-22,私は助言したと田中が言った。,raw-L12800,0.7331018614039844,12801,侍は強いので強化の必要はない
script_masked,input-23,私は100件の記録を確認した。,raw-L05989,0.716619254613772,5990,うちの鯖は２５０万とやや安め
script_masked,input-24,私はAからBへ3個を渡した。,raw-L00424,0.47487938625520015,425,うるせーばか
script_masked,input-25,確認してくれてありがとうございます。,raw-L10714,0.9264138225455768,10716,俺に聞かれてもわかるわけない。
script_masked,input-26,どうすればいいですか？,raw-L14955,0.9424433835323305,14956,相手にされてないというのがわからりませんか？
script_masked,input-27,もし全員が来れば確認する。,raw-L00134,0.6554545053021812,135,地元じゃ伝説の不良って言われてる
script_masked,input-28,私立学校で雰囲気を調べた。,raw-L15574,0.6675724093787165,15575,そういう悪口は名誉毀損で犯罪行為だからお前は死ぬ
script_masked,input-29,田中がAを復旧した。,raw-L04007,0.519285471004524,4008,HPってHが体力でPがパワーだべ？
script_masked,input-30,Bは停止中だ。,raw-L15794,0.7937142163551647,15795,奴らだな強情な。
script_masked,input-31,私は明日確認する。,raw-L15574,0.561769407145015,15575,そういう悪口は名誉毀損で犯罪行為だからお前は死ぬ
script_masked,input-32,田中は佐藤を助けなかった。,raw-L10714,0.8572623868912654,10716,俺に聞かれてもわかるわけない。
script_masked,input-33,担当者が100件の記録を確認した。,raw-L05989,0.6823290093839233,5990,うちの鯖は２５０万とやや安め
script_masked,input-34,今日は雨が降っている。,raw-L10714,0.8809814162182578,10716,俺に聞かれてもわかるわけない。
script_masked,input-35,会議が長くて疲れた。,raw-L08021,0.5841972015650109,8022,本人に聞いた
script_masked,input-36,念のため資料を何度も見直したので提出が遅れた。,raw-L12800,0.8211233811553783,12801,侍は強いので強化の必要はない
script_masked,input-37,田中が確認したと佐藤が言った。,raw-L12800,0.7455518178386763,12801,侍は強いので強化の必要はない
script_masked,0c7d8d48d955dc60eb1b1f19,俺は最強に強い。,raw-L15794,0.5155089867703901,15795,奴らだな強情な。
script_masked,5068b5d2023ea1d0e6dc14a0,俺は最強だからな。,raw-L10714,0.8508681535655302,10716,俺に聞かれてもわかるわけない。
script_masked,4eb0e5a37acadbed160cea90,時既に時間切れだったんだが。,raw-L10714,0.8238209296044601,10716,俺に聞かれてもわかるわけない。
script_masked,d9234388e3e491bf2349cbc8,時既に時間切れだったからな。,raw-L10714,0.8238209296044601,10716,俺に聞かれてもわかるわけない。
script_masked,9cdd8b27875970fd09044090,時既に時間切れだった。,raw-L10714,0.7625363690997208,10716,俺に聞かれてもわかるわけない。
script_masked,f0df1669300c694366a5e197,敵を瞬殺で倒した。,raw-L08021,0.5480341952404651,8022,本人に聞いた
script_masked,3b37fb0f431270d49cc1fe42,敵を瞬殺したからな。,raw-L10714,0.8817946468659457,10716,俺に聞かれてもわかるわけない。
script_masked,6970657c1aa5abba94f73edb,俺は動かないです。,raw-L10714,0.978936797555465,10716,俺に聞かれてもわかるわけない。
script_masked,904087b6c682009ce696fdc3,俺は動かないからな。,raw-L10714,0.9896899356776073,10716,俺に聞かれてもわかるわけない。
script_masked,a28e9f1e2d71f81ea8268408,俺は動かないんだが。,raw-L10714,0.9896899356776073,10716,俺に聞かれてもわかるわけない。
script_masked,04479d50da9635528e3eadb7,存在感が桁外れな存在感だ。,raw-L15794,0.8487083624792232,15795,奴らだな強情な。
script_masked,7c9b4c03ada1c799a5d763ac,存在感が桁外れな存在感なんだが。,raw-L15765,0.7291612802529785,15766,"別権逮捕って知ってるか？
たとえば人殺しの犯人が窃盗で捕まるのはよくあることだ。"
script_masked,bd08c302a3e84ba876c0bb16,存在感が桁外れな存在感だからな。,raw-L15765,0.7291612802529785,15766,"別権逮捕って知ってるか？
たとえば人殺しの犯人が窃盗で捕まるのはよくあることだ。"
script_masked,4146e1acb40acb3dccaa7bda,今日は寒いんだが。,raw-L10714,0.91627780199757,10716,俺に聞かれてもわかるわけない。
script_masked,4658cf1c15ce08ebe796b5d6,今日は寒いからな。,raw-L10714,0.91627780199757,10716,俺に聞かれてもわかるわけない。
script_masked,8b227ab3d843d610524e7a8e,今日は寒いんだが。,raw-L10714,0.91627780199757,10716,俺に聞かれてもわかるわけない。
script_masked,c0aec3982d3b6fe609a40709,今日は寒いからな。,raw-L10714,0.91627780199757,10716,俺に聞かれてもわかるわけない。
script_masked,dc2a59036253e31e340b435f,田中が佐藤を助けたからな。,raw-L10714,0.8572623868912654,10716,俺に聞かれてもわかるわけない。
script_masked,a85b95ccde49e8eafad4ab2e,田中が佐藤を助けたんだが。,raw-L10714,0.8572623868912654,10716,俺に聞かれてもわかるわけない。
script_masked,24dae526f57096afb10db831,田中がAを復旧したからな。Bは停止中で、俺は明日確認する。,raw-L02591,0.4671617016641459,2592,正解だ、覚えとけ
script_masked,b0fa7fdcfd7067cb5a38f21b,田中がAを復旧したんだが。Bは停止中で、俺は明日確認する。,raw-L02591,0.4671617016641459,2592,正解だ、覚えとけ
script_masked,2492c5af63973a27830c1aee,田中がAを復旧した。Bは停止中で、俺は明日確認する。,raw-L02591,0.448887443873016,2592,正解だ、覚えとけ
script_masked,2e8c9dfce853e882911a0600,俺は処理の速さとスピードをアッピルしたんだが。,raw-L13125,0.6305217724815776,13126,"言い忘れたけどブロントはかなり根性あったらしいぞ
不良だから喧嘩も強いしバイクもヘルメットかぶらないで乗る"
script_masked,33e9c0376b866baac9fb4bf1,俺は処理の速さとスピードをアッピルしたからな。,raw-L13125,0.6305217724815776,13126,"言い忘れたけどブロントはかなり根性あったらしいぞ
不良だから喧嘩も強いしバイクもヘルメットかぶらないで乗る"
script_masked,cf6f48a5992dde59addb0590,俺は処理の速さとスピードをアッピルしました。,raw-L05869,0.6245923363334605,5870,"暗黒と違ってシーフは潔いな
まぁシーフもナイトほどではないけどかなり強いジョブだから
そう落ち込む事はない"
script_masked,b75deb4cca8e208ba922162e,ぜいいんにアドバイスを助言したが、ふいんきは悪かったからな。,raw-L06460,0.7366620081676691,6461,"なるほど、やはりそうか
あれ持ってるか持ってないかがナイトにとって
一流か雑魚かの分かれ目なのですな"
script_masked,f9cf994c482f1a6f7c768535,ぜいいんにアドバイスを助言したが、ふいんきは悪かったんだが。,raw-L06460,0.7366620081676691,6461,"なるほど、やはりそうか
あれ持ってるか持ってないかがナイトにとって
一流か雑魚かの分かれ目なのですな"
script_masked,9c9765a81213f9aa1b2c5570,ぜいいんに助言したが、ふいんきは悪かったからな。,raw-L05092,0.773295616834981,5094,"そのとおり、よくわかってるね
おまえはなかなか賢いな
固定になってもいいぞ"
script_masked,03ddc7467fecefdca439d19b,俺は怒りが有頂天になった。,raw-L10714,0.8164052869761947,10716,俺に聞かれてもわかるわけない。
script_masked,f0c669b452d59066f503ccc5,俺は怒りが頂点に達したからな。,raw-L10714,0.8770880135437757,10716,俺に聞かれてもわかるわけない。
script_masked,bde0176d7e6d8c507fc17601,俺は深い悲しみに包まれた。,raw-L10714,0.8397419764190269,10716,俺に聞かれてもわかるわけない。
script_masked,341f741ec31fce94d49ce80c,俺はとても悲しかったからな。,raw-L10714,0.9424241933427702,10716,俺に聞かれてもわかるわけない。
script_masked,d738acb4a2f696ff2120fd27,資料は貴重に大切です。,raw-L01893,0.7068582299461142,1894,俺の名字は加藤だべ
script_masked,8c157b7b06412f089be951bb,全然全く動かない。,raw-L10714,0.8001722095946215,10716,俺に聞かれてもわかるわけない。
script_masked,0ad409ec053a0184986ba60e,全然全く動かないからな。,raw-L10714,0.9112806290851286,10716,俺に聞かれてもわかるわけない。
script_masked,daebc811f9093435b78c99db,全然全く動かないんだが。,raw-L10714,0.9112806290851286,10716,俺に聞かれてもわかるわけない。
script_masked,e692b8eaec24c06b189d8b7b,それは確定的なんだが。,raw-L10714,0.7844366259879474,10716,俺に聞かれてもわかるわけない。
script_masked,1c35b460c04544efe79d2884,それは確定的だからな。,raw-L10714,0.7844366259879474,10716,俺に聞かれてもわかるわけない。
script_masked,edc31b0a9049a9621bece27f,それは確定的だ。,raw-L15794,0.9342535497027098,15795,奴らだな強情な。
script_masked,59e001e6ab085fe81cd5beb9,ぜいいんが速さとスピードを比較した。,raw-L01150,0.6356035858036284,1151,ロトの盾でダメージを防ぐしよ
script_masked,8fb7d6cd490dbad2d8374588,ぜいいんが速さとスピードを比較したからな。,raw-L09702,0.6488168195067041,9703,"お前ら調子こき過ぎ
おれはただ最強装備してたほうが何事もスムースに進むと言ってるだけ"
script_masked,c2bfcb86bf2ccdbbe7bf07a3,ぜいいんが速さとスピードを比較したんだが。,raw-L09702,0.6488168195067041,9703,"お前ら調子こき過ぎ
おれはただ最強装備してたほうが何事もスムースに進むと言ってるだけ"
script_masked,1d2fd3e1a0aee85c3f141d2d,速度制限を確認したんだが。,raw-L10714,0.7538082388480295,10716,俺に聞かれてもわかるわけない。
script_masked,3d3e7d66562d700e6d922c29,速度制限を確認したからな。,raw-L10714,0.7538082388480295,10716,俺に聞かれてもわかるわけない。
script_masked,4ba3486c499b6a19ca2e136f,俺は明日確認するかもしれない。,raw-L10714,0.8093509624445026,10716,俺に聞かれてもわかるわけない。
script_masked,83c46ecc4fe1ca40f941980d,俺は確認しなかったからな。,raw-L10714,0.9091878376253684,10716,俺に聞かれてもわかるわけない。
script_masked,630baea60fceeb0578858b08,俺は確認しなかったんだが。,raw-L10714,0.9091878376253684,10716,俺に聞かれてもわかるわけない。
script_masked,098b620b57582dd36f767bc9,俺は確認しませんでした。,raw-L10714,0.9040779636695859,10716,俺に聞かれてもわかるわけない。
script_masked,f2f92e2f8191ddcd5fac1dfe,俺は100件の記録を確認したんだが。,raw-L05989,0.7377736940225185,5990,うちの鯖は２５０万とやや安め
script_masked,370ced74890ddbbec6b93afb,俺は100件の記録を確認したからな。,raw-L05989,0.7377736940225185,5990,うちの鯖は２５０万とやや安め
script_masked,55564699f8452b555bc9309a,俺は100件の記録を確認した。,raw-L05989,0.716619254613772,5990,うちの鯖は２５０万とやや安め
script_masked,a97417e9ea3aea4c342759f7,俺はAからBへ3個を渡したんだが。,raw-L00424,0.49204427055536676,425,うるせーばか
script_masked,dba3429ac8d34476f1bc4d3e,俺はAからBへ3個を渡したからな。,raw-L00424,0.49204427055536676,425,うるせーばか
script_masked,a0a8ef828ba112e6d0f70d00,俺はAからBへ3個を渡した。,raw-L00424,0.47487938625520015,425,うるせーばか
script_masked,65f8f45806be513b274d0e75,もしぜいいんが来れば確認する。,raw-L03846,0.6974159710876533,3847,おまえら今謝れば許す
script_masked,82194e41426a7cfe046297b4,私立学校でふいんきを調べた。,raw-L02878,0.6987754120769185,2879,妄想野郎には負けねぇよ
script_masked,8b17ae36dc41dda0e792a299,私立学校でふいんきを調べたからな。,raw-L10714,0.8326932830757117,10716,俺に聞かれてもわかるわけない。
script_masked,18c27da631462029ab0e6038,私立学校でふいんきを調べたんだが。,raw-L10714,0.8326932830757117,10716,俺に聞かれてもわかるわけない。
script_masked,9fd74965954422d091288be5,田中がAを復旧したからな。,raw-L02030,0.5655156588756406,2031,"そんなもん興味ねーっよ
俺は不良だぞ"
script_masked,5e277fb454994996df935fe9,田中がAを復旧したんだが。,raw-L02030,0.5655156588756406,2031,"そんなもん興味ねーっよ
俺は不良だぞ"
script_masked,68faef2a12a47cc8049c206b,Bは停止中なんだが。,raw-L10714,0.677073163708013,10716,俺に聞かれてもわかるわけない。
script_masked,1000edcfaba44089832295fa,Bは停止中だからな。,raw-L10714,0.677073163708013,10716,俺に聞かれてもわかるわけない。
script_masked,66dbef94505c5ba041a2cc3b,俺は明日確認するんだが。,raw-L10714,0.7723595398228892,10716,俺に聞かれてもわかるわけない。
script_masked,cfcd3fcf5c33cb7ef1cfcf4e,俺は明日確認するからな。,raw-L10714,0.7723595398228892,10716,俺に聞かれてもわかるわけない。
script_masked,44f755efebe1fd5937673221,俺は明日確認する。,raw-L15574,0.561769407145015,15575,そういう悪口は名誉毀損で犯罪行為だからお前は死ぬ
script_masked,fca2386d4769cbe241f14b48,田中は佐藤を助けなかったんだが。,raw-L10714,0.8895391890733085,10716,俺に聞かれてもわかるわけない。
script_masked,1c7d67e7f192da20cd18da2b,田中は佐藤を助けなかったからな。,raw-L10714,0.8895391890733085,10716,俺に聞かれてもわかるわけない。
script_masked,2387d96b0e46ace380a2be10,担当者が100件の記録を確認したんだが。,raw-L05989,0.7030409218603153,5990,うちの鯖は２５０万とやや安め
script_masked,3e0aa1efda6b5289c5805dfd,担当者が100件の記録を確認したからな。,raw-L05989,0.7030409218603153,5990,うちの鯖は２５０万とやや安め
script_masked,602f2410c67d0f3094ebee9f,今日は雨が降っているんだが。,raw-L10714,0.9338151941953082,10716,俺に聞かれてもわかるわけない。
script_masked,71cf283ce550dc7618356890,今日は雨が降っているからな。,raw-L10714,0.9338151941953082,10716,俺に聞かれてもわかるわけない。
script_masked,f92914a4ab68e29872fa2ecd,会議が長くて疲れたんだが。,raw-L10714,0.899847606303824,10716,俺に聞かれてもわかるわけない。
script_masked,070c88f21c275d1625904bf3,会議が長くて疲れたからな。,raw-L10714,0.899847606303824,10716,俺に聞かれてもわかるわけない。
script_masked,e2b2afc844fbcdf70c0d279b,念のため資料を何度も見直したので提出が遅れたからな。,raw-L12800,0.8420537219058335,12801,侍は強いので強化の必要はない
script_masked,8f02c51e0e2e3fb6c60603a2,念のため資料を何度も見直したので提出が遅れたんだが。,raw-L12800,0.8420537219058335,12801,侍は強いので強化の必要はない
without_punctuation,input-01,私は最強だ。,raw-L02995,0.47639021227660505,2996,"アムロは最強だべ？
俺がいなければだがよ"
without_punctuation,input-02,すでに時間切れだった。,raw-L08524,0.2785729965848296,8525,ＰＫだった
without_punctuation,input-03,敵を瞬殺した。,raw-L03606,0.27676044255080134,3607,"今日俺のＨＰを荒らした馬鹿を殺した
タイマンだがギガトンパンチで瞬殺した"
without_punctuation,input-04,私は動かないです。,raw-L09837,0.372166586313561,9838,"早く謝ってください！ナイトには攻撃きかない！
僕は絶望的な戦いはしたくないです
必死に逃げてもとんずらされて後ろから切られたくないです！はやくあやまっテ！！"
without_punctuation,input-05,存在感が桁外れだ。,raw-L13613,0.1222612795079496,13614,"ナイトが装備する最強武器はいろいろある
忍者ごときがｺﾞﾁｬｺﾞﾁｬ五月蝿いよ？
ナイトは忍者の人気を落とすような薄汚いマネはしないんだが汚いよな忍者は・・
自分の地位をまもるために何か必死杉で笑えるし
それに比べてナイトは忍者みたいに汚くないな
存在感が桁外れな存在感なのでたびたび人と
接触するけどこれも相手にされない雑魚の不可抵抗な妬み関係がほとんど
だがそう言うやつらも最期にはふれひすからな
ナイトは別格だという事を思い知らされる事件だったかな・・そいつはナイトの権力でＬＳの法律を乱すので削除されたらしい"
without_punctuation,input-06,今日は寒い。,raw-L05970,0.9999999999999998,5971,今日は休み
without_punctuation,input-07,今日は寒いです。,raw-L05970,0.8134522214826146,5971,今日は休み
without_punctuation,input-08,田中が佐藤を助けた。,raw-L02655,0.30833886979804803,2656,ロトさん助けて
without_punctuation,input-09,田中がAを復旧した。Bは停止中で、私は明日確認する。,raw-L14909,0.13591772777985076,14910,"絡んでくるなよ、おまえ一般常識的に見て基地害だろ？
俺は夢現で頭の中でサーチしただけで狩ってねーし
そもそも俺をこんな状態にしたのは明方狩りをする馬鹿だろ？
そこまでするとか必死過ぎて何もいわないけど（苦笑）"
without_punctuation,input-10,私は処理の速度をアピールしました。,raw-L15524,0.15744114356730846,15525,"なるほど
これで光は無実と証明されましたね
潔白美"
without_punctuation,input-11,全員に助言したが、雰囲気は悪かった。,raw-L14686,0.43315403429860155,14687,全員
without_punctuation,input-12,私は怒りが頂点に達した。,raw-L08757,0.32441147687203875,8758,"感動した
バカな偽善白魔に鉄槌ありがとう（感涙）"
without_punctuation,input-13,私はとても悲しかった。,raw-L08132,0.2416358880567405,8133,どうやら煽るだけで誰も完璧な評価表を作れないので俺のが正しかった
without_punctuation,input-14,資料は貴重です。,raw-L01213,0.263741250867962,1214,童貞ですかぁ？
without_punctuation,input-15,全然動かない。,raw-L05822,0.20785923397850536,5823,"だから防御高いからそんなの全然効かないって
暗黒は雑魚にしか大ダメージ出せないからな"
without_punctuation,input-16,それは確実だ。,raw-L01193,0.19450674728828105,1194,俺のは事実だから妄想とは言わないで現実だべ？
without_punctuation,input-17,全員が速さとスピードを比較した。,raw-L08189,0.374657349148296,8190,"ホーバージョン
パワー：Ｓ スピード：Ａ 命中パワー：Ｓ 防御：Ａ 廃人度：Ｓ
バーニー
パワー：Ａ スピード：Ｂ 命中パワー：Ｃ 防御：Ａ 廃人度：Ｂ
ガラントサコート
パワー：Ｂ スピード：Ｂ 命中パワー：Ｂ 防御：Ｓ 廃人度：Ｃ"
without_punctuation,input-18,速度制限を確認した。,raw-L08757,0.09512660423076164,8758,"感動した
バカな偽善白魔に鉄槌ありがとう（感涙）"
without_punctuation,input-19,私は明日確認するかもしれない。,raw-L06582,0.47783431494635986,6583,"グラットン狼鯖１１０万
どんどん値上がりしてる
明日には２００万越えるかもしれない"
without_punctuation,input-20,私は確認しませんでした。,raw-L15101,0.24582131378865074,15102,ばかかこいつ【練習相手になりません】
without_punctuation,input-21,田中は「私は全員に助言します」と言った。,raw-L14686,0.3138102465508172,14687,全員
without_punctuation,input-22,私は助言したと田中が言った。,raw-L02595,0.301640905693383,2596,このスレはロトさんが言ったとおり馬鹿ばかりだな
without_punctuation,input-23,私は100件の記録を確認した。,raw-L01315,0.4219546851438033,1316,ロトさんの限界は350＋650＝1000だべ？
without_punctuation,input-24,私はAからBへ3個を渡した。,raw-L08757,0.1760246339148948,8758,"感動した
バカな偽善白魔に鉄槌ありがとう（感涙）"
without_punctuation,input-25,確認してくれてありがとうございます。,raw-L08757,0.4164810273060368,8758,"感動した
バカな偽善白魔に鉄槌ありがとう（感涙）"
without_punctuation,input-26,どうすればいいですか？,raw-L01213,0.36334295887038304,1214,童貞ですかぁ？
without_punctuation,input-27,もし全員が来れば確認する。,raw-L14686,0.449059516774361,14687,全員
without_punctuation,input-28,私立学校で雰囲気を調べた。,raw-L01210,0.20787744631777122,1211,不良だから学校さぼるべ？
without_punctuation,input-29,田中がAを復旧した。,raw-L15962,0.09306173539312824,15963,"俺はこの稼動日までに激この子でAAAを取れなかった。
足9までの激譜面を満足に全曲埋められなかった。

よって俺は今作をプレイするに値しないカス野郎として終わった。

今プレイしてる奴らを見ると本当に腹立たしく思う。
お前らはそんなレベルでこのゲームを続けて一体何をしたいのかと。
簡単な楽譜面でもAAAを取れないまま続けている奴もごろごろいる。
はっきり言う。おかしい。

俺がこうしてプレイできないでいるのに
よくのうのうとプレイできるもんだな。おめでたいな。
お前らは「恥」というものを全く知らないで生きているのか。

もう一度言う。
前作で足9までの激譜面を全曲AAAで埋められなかった奴に今作をプレイする資格はない。
今作だけではない。これからまた出るであろう次回作も同じだ。

こうして書いているだけでも本当に気分が悪い。
しかし俺をこうさせたのは他の何者でもない、お前らだ。
もうこのDDRは弱者が踏むに値しないゲームであることぐらい誰でもわかるはずだ。

以上を理解して弱者は今後のプレイを控えるように。
理解しないでプレイし続ければ周りから反乱者として軽蔑される。
あとはお前ら次第だ。"
without_punctuation,input-30,Bは停止中だ。,raw-L00005,0.0,6,俺はちゃんとした体だが
without_punctuation,input-31,私は明日確認する。,raw-L14909,0.1273397181152723,14910,"絡んでくるなよ、おまえ一般常識的に見て基地害だろ？
俺は夢現で頭の中でサーチしただけで狩ってねーし
そもそも俺をこんな状態にしたのは明方狩りをする馬鹿だろ？
そこまでするとか必死過ぎて何もいわないけど（苦笑）"
without_punctuation,input-32,田中は佐藤を助けなかった。,raw-L01390,0.2438561511600425,1391,"アムロは強いけどよ、俺が助けなかったらピンチだったべ？
シャアもゼータ２で俺が来たらびびってたけどよ"
without_punctuation,input-33,担当者が100件の記録を確認した。,raw-L01315,0.37408963232869974,1316,ロトさんの限界は350＋650＝1000だべ？
without_punctuation,input-34,今日は雨が降っている。,raw-L05970,0.8086392859952576,5971,今日は休み
without_punctuation,input-35,会議が長くて疲れた。,raw-L03799,0.16228115810596647,3800,名前入れ忘れたべ
without_punctuation,input-36,念のため資料を何度も見直したので提出が遅れた。,raw-L06874,0.2929097617206597,6875,全てが解決したのでこれで終了
without_punctuation,input-37,田中が確認したと佐藤が言った。,raw-L02595,0.26728424166686754,2596,このスレはロトさんが言ったとおり馬鹿ばかりだな
without_punctuation,0c7d8d48d955dc60eb1b1f19,俺は最強に強い。,raw-L02002,0.6436885077548462,2003,北海道の最強に強い
without_punctuation,5068b5d2023ea1d0e6dc14a0,俺は最強だからな。,raw-L02601,0.43872040291367087,2602,世界１だからな
without_punctuation,4eb0e5a37acadbed160cea90,時既に時間切れだったんだが。,raw-L10836,0.2765952390205597,10838,>>404　ほう？お前晒されたいのかよ？脅しのつもりだったんだがお前の名前言えよ？晒してやっからよー？！
without_punctuation,d9234388e3e491bf2349cbc8,時既に時間切れだったからな。,raw-L07263,0.21996505439443678,7264,"やはりそうだったか
俺もよく他の奴とID同じになるからな"
without_punctuation,9cdd8b27875970fd09044090,時既に時間切れだった。,raw-L08524,0.3254111739320842,8525,ＰＫだった
without_punctuation,f0df1669300c694366a5e197,敵を瞬殺で倒した。,raw-L00754,0.46669597948472497,755,"さらに８人ギガスラッシュで命中されて瞬殺で倒した
残りはあと５人だべ？"
without_punctuation,3b37fb0f431270d49cc1fe42,敵を瞬殺したからな。,raw-L03472,0.3076428026195972,3473,"やめとけ
やったら殺す
前のＨＰ荒らした奴は全員住んでる住所をつきとめて殺したからな"
without_punctuation,6970657c1aa5abba94f73edb,俺は動かないです。,raw-L09837,0.36395404643540363,9838,"早く謝ってください！ナイトには攻撃きかない！
僕は絶望的な戦いはしたくないです
必死に逃げてもとんずらされて後ろから切られたくないです！はやくあやまっテ！！"
without_punctuation,904087b6c682009ce696fdc3,俺は動かないからな。,raw-L05822,0.2846174407448593,5823,"だから防御高いからそんなの全然効かないって
暗黒は雑魚にしか大ダメージ出せないからな"
without_punctuation,a28e9f1e2d71f81ea8268408,俺は動かないんだが。,raw-L15690,0.297320345152933,15691,"は？日本語なんだが？

はぁ？それはありえないんだが？
資料であることとそうでないことはテレビの報道によるニュースで明らかだぞ？"
without_punctuation,04479d50da9635528e3eadb7,存在感が桁外れな存在感だ。,raw-L13613,0.15270711143216364,13614,"ナイトが装備する最強武器はいろいろある
忍者ごときがｺﾞﾁｬｺﾞﾁｬ五月蝿いよ？
ナイトは忍者の人気を落とすような薄汚いマネはしないんだが汚いよな忍者は・・
自分の地位をまもるために何か必死杉で笑えるし
それに比べてナイトは忍者みたいに汚くないな
存在感が桁外れな存在感なのでたびたび人と
接触するけどこれも相手にされない雑魚の不可抵抗な妬み関係がほとんど
だがそう言うやつらも最期にはふれひすからな
ナイトは別格だという事を思い知らされる事件だったかな・・そいつはナイトの権力でＬＳの法律を乱すので削除されたらしい"
without_punctuation,7c9b4c03ada1c799a5d763ac,存在感が桁外れな存在感なんだが。,raw-L15690,0.16008422450239315,15691,"は？日本語なんだが？

はぁ？それはありえないんだが？
資料であることとそうでないことはテレビの報道によるニュースで明らかだぞ？"
without_punctuation,bd08c302a3e84ba876c0bb16,存在感が桁外れな存在感だからな。,raw-L02601,0.4372552441728512,2602,世界１だからな
without_punctuation,4146e1acb40acb3dccaa7bda,今日は寒いんだが。,raw-L05970,0.7448187833621794,5971,今日は休み
without_punctuation,4658cf1c15ce08ebe796b5d6,今日は寒いからな。,raw-L05970,0.788053891349713,5971,今日は休み
without_punctuation,8b227ab3d843d610524e7a8e,今日は寒いんだが。,raw-L05970,0.7448187833621794,5971,今日は休み
without_punctuation,c0aec3982d3b6fe609a40709,今日は寒いからな。,raw-L05970,0.788053891349713,5971,今日は休み
without_punctuation,dc2a59036253e31e340b435f,田中が佐藤を助けたからな。,raw-L02601,0.20190993595398682,2602,世界１だからな
without_punctuation,a85b95ccde49e8eafad4ab2e,田中が佐藤を助けたんだが。,raw-L15578,0.2342034711038163,15579,"光は2ｃｈ見てないってさっきも言ったんだが
ちゃんとログくらい読めよ"
without_punctuation,24dae526f57096afb10db831,田中がAを復旧したからな。Bは停止中で、俺は明日確認する。,raw-L03472,0.23047419924996895,3473,"やめとけ
やったら殺す
前のＨＰ荒らした奴は全員住んでる住所をつきとめて殺したからな"
without_punctuation,b0fa7fdcfd7067cb5a38f21b,田中がAを復旧したんだが。Bは停止中で、俺は明日確認する。,raw-L04861,0.25627965469458686,4862,"その分隔の差がでかいだろ
だからこの二つで比較したんだが、頭平気か？

おまえこそ釣りだろ"
without_punctuation,2492c5af63973a27830c1aee,田中がAを復旧した。Bは停止中で、俺は明日確認する。,raw-L12719,0.16826945774122584,12720,国語の勉強してこいよ文章が読めない責任まで俺は取れないのから
without_punctuation,2e8c9dfce853e882911a0600,俺は処理の速さとスピードをアッピルしたんだが。,raw-L08189,0.3112673450670199,8190,"ホーバージョン
パワー：Ｓ スピード：Ａ 命中パワー：Ｓ 防御：Ａ 廃人度：Ｓ
バーニー
パワー：Ａ スピード：Ｂ 命中パワー：Ｃ 防御：Ａ 廃人度：Ｂ
ガラントサコート
パワー：Ｂ スピード：Ｂ 命中パワー：Ｂ 防御：Ｓ 廃人度：Ｃ"
without_punctuation,33e9c0376b866baac9fb4bf1,俺は処理の速さとスピードをアッピルしたからな。,raw-L08189,0.3100338255414907,8190,"ホーバージョン
パワー：Ｓ スピード：Ａ 命中パワー：Ｓ 防御：Ａ 廃人度：Ｓ
バーニー
パワー：Ａ スピード：Ｂ 命中パワー：Ｃ 防御：Ａ 廃人度：Ｂ
ガラントサコート
パワー：Ｂ スピード：Ｂ 命中パワー：Ｂ 防御：Ｓ 廃人度：Ｃ"
without_punctuation,cf6f48a5992dde59addb0590,俺は処理の速さとスピードをアッピルしました。,raw-L08189,0.3411707045456403,8190,"ホーバージョン
パワー：Ｓ スピード：Ａ 命中パワー：Ｓ 防御：Ａ 廃人度：Ｓ
バーニー
パワー：Ａ スピード：Ｂ 命中パワー：Ｃ 防御：Ａ 廃人度：Ｂ
ガラントサコート
パワー：Ｂ スピード：Ｂ 命中パワー：Ｂ 防御：Ｓ 廃人度：Ｃ"
without_punctuation,b75deb4cca8e208ba922162e,ぜいいんにアドバイスを助言したが、ふいんきは悪かったからな。,raw-L12522,0.18955596218788484,12523,"結局159の人に俺達言い負けちゃったな･･
もう俺もﾈｶﾞるの止めるぜ？
いい加減思ってもいないこと口にするのは飽きたからな
心が晴れ晴れしている"
without_punctuation,f9cf994c482f1a6f7c768535,ぜいいんにアドバイスを助言したが、ふいんきは悪かったんだが。,raw-L15578,0.1736934839814088,15579,"光は2ｃｈ見てないってさっきも言ったんだが
ちゃんとログくらい読めよ"
without_punctuation,9c9765a81213f9aa1b2c5570,ぜいいんに助言したが、ふいんきは悪かったからな。,raw-L12522,0.20760056983195987,12523,"結局159の人に俺達言い負けちゃったな･･
もう俺もﾈｶﾞるの止めるぜ？
いい加減思ってもいないこと口にするのは飽きたからな
心が晴れ晴れしている"
without_punctuation,03ddc7467fecefdca439d19b,俺は怒りが有頂天になった。,raw-L09716,0.22865791026270627,9717,"お前らは一級廃人のおれの足元にも及ばない貧弱一般人
その一般人どもが一級廃人のおれに対してナメタ言葉を使うことでおれの怒りが有頂天になった
この怒りはしばらくおさまる事を知らない"
without_punctuation,f0c669b452d59066f503ccc5,俺は怒りが頂点に達したからな。,raw-L03472,0.2828285006291704,3473,"やめとけ
やったら殺す
前のＨＰ荒らした奴は全員住んでる住所をつきとめて殺したからな"
without_punctuation,bde0176d7e6d8c507fc17601,俺は深い悲しみに包まれた。,raw-L13109,0.25658382531852425,13110,"は？俺がブロント？なんでそうなるのかわけわからん
第三者の中立的立場から客観的な意見を言ってるだけなんだが・・・

ブロントは鯖のトップに立つ大物だから特に嫉妬がすごかったらしい
きっと鬼の首取ったように周囲が騒ぎブロントは深い悲しみに包まれた"
without_punctuation,341f741ec31fce94d49ce80c,俺はとても悲しかったからな。,raw-L08132,0.18239233332015986,8133,どうやら煽るだけで誰も完璧な評価表を作れないので俺のが正しかった
without_punctuation,d738acb4a2f696ff2120fd27,資料は貴重に大切です。,raw-L01213,0.20608739516626537,1214,童貞ですかぁ？
without_punctuation,8c157b7b06412f089be951bb,全然全く動かない。,raw-L05822,0.16654392558950698,5823,"だから防御高いからそんなの全然効かないって
暗黒は雑魚にしか大ダメージ出せないからな"
without_punctuation,0ad409ec053a0184986ba60e,全然全く動かないからな。,raw-L05822,0.29417152347464837,5823,"だから防御高いからそんなの全然効かないって
暗黒は雑魚にしか大ダメージ出せないからな"
without_punctuation,daebc811f9093435b78c99db,全然全く動かないんだが。,raw-L15690,0.25943993570355245,15691,"は？日本語なんだが？

はぁ？それはありえないんだが？
資料であることとそうでないことはテレビの報道によるニュースで明らかだぞ？"
without_punctuation,e692b8eaec24c06b189d8b7b,それは確定的なんだが。,raw-L15690,0.20894862988044988,15691,"は？日本語なんだが？

はぁ？それはありえないんだが？
資料であることとそうでないことはテレビの報道によるニュースで明らかだぞ？"
without_punctuation,1c35b460c04544efe79d2884,それは確定的だからな。,raw-L02601,0.3871398491766495,2602,世界１だからな
without_punctuation,edc31b0a9049a9621bece27f,それは確定的だ。,raw-L11032,0.18452506788627887,11033,">あ、当然MPもちの餡（ブラボも有り）、ナ、回避+ガード＋チャクラのモ
>にもかてっこない。
推測で語らないでください

>ソロで語るなら、獣召忍シ赤黒詩狩戦竜暗モナ>侍は確定
どこで確定してるの？

>で、どのジョブが侍より強いって？ｗ
忍・黒・赤"
without_punctuation,59e001e6ab085fe81cd5beb9,ぜいいんが速さとスピードを比較した。,raw-L08189,0.3117443716700447,8190,"ホーバージョン
パワー：Ｓ スピード：Ａ 命中パワー：Ｓ 防御：Ａ 廃人度：Ｓ
バーニー
パワー：Ａ スピード：Ｂ 命中パワー：Ｃ 防御：Ａ 廃人度：Ｂ
ガラントサコート
パワー：Ｂ スピード：Ｂ 命中パワー：Ｂ 防御：Ｓ 廃人度：Ｃ"
without_punctuation,8fb7d6cd490dbad2d8374588,ぜいいんが速さとスピードを比較したからな。,raw-L08189,0.27328090226802126,8190,"ホーバージョン
パワー：Ｓ スピード：Ａ 命中パワー：Ｓ 防御：Ａ 廃人度：Ｓ
バーニー
パワー：Ａ スピード：Ｂ 命中パワー：Ｃ 防御：Ａ 廃人度：Ｂ
ガラントサコート
パワー：Ｂ スピード：Ｂ 命中パワー：Ｂ 防御：Ｓ 廃人度：Ｃ"
without_punctuation,c2bfcb86bf2ccdbbe7bf07a3,ぜいいんが速さとスピードを比較したんだが。,raw-L08189,0.27412456382967715,8190,"ホーバージョン
パワー：Ｓ スピード：Ａ 命中パワー：Ｓ 防御：Ａ 廃人度：Ｓ
バーニー
パワー：Ａ スピード：Ｂ 命中パワー：Ｃ 防御：Ａ 廃人度：Ｂ
ガラントサコート
パワー：Ｂ スピード：Ｂ 命中パワー：Ｂ 防御：Ｓ 廃人度：Ｃ"
without_punctuation,1d2fd3e1a0aee85c3f141d2d,速度制限を確認したんだが。,raw-L04861,0.33522280690178247,4862,"その分隔の差がでかいだろ
だからこの二つで比較したんだが、頭平気か？

おまえこそ釣りだろ"
without_punctuation,3d3e7d66562d700e6d922c29,速度制限を確認したからな。,raw-L03472,0.30011764081291614,3473,"やめとけ
やったら殺す
前のＨＰ荒らした奴は全員住んでる住所をつきとめて殺したからな"
without_punctuation,4ba3486c499b6a19ca2e136f,俺は明日確認するかもしれない。,raw-L06582,0.47365924627321954,6583,"グラットン狼鯖１１０万
どんどん値上がりしてる
明日には２００万越えるかもしれない"
without_punctuation,83c46ecc4fe1ca40f941980d,俺は確認しなかったからな。,raw-L06067,0.23605136613944144,6068,"今そのBurontって人いたから聞いてみたけどここに書いてないってさ
やっぱ全然関係なかったか"
without_punctuation,630baea60fceeb0578858b08,俺は確認しなかったんだが。,raw-L13095,0.27908631300559944,13096,"当時はブロントの鯖で持ってる人いなかったんだが
ブロントを知らないくせにあんまりふざけたこと言うなよ"
without_punctuation,098b620b57582dd36f767bc9,俺は確認しませんでした。,raw-L15101,0.24193714120735182,15102,ばかかこいつ【練習相手になりません】
without_punctuation,f2f92e2f8191ddcd5fac1dfe,俺は100件の記録を確認したんだが。,raw-L04861,0.2905932474121582,4862,"その分隔の差がでかいだろ
だからこの二つで比較したんだが、頭平気か？

おまえこそ釣りだろ"
without_punctuation,370ced74890ddbbec6b93afb,俺は100件の記録を確認したからな。,raw-L03472,0.2608602278813214,3473,"やめとけ
やったら殺す
前のＨＰ荒らした奴は全員住んでる住所をつきとめて殺したからな"
without_punctuation,55564699f8452b555bc9309a,俺は100件の記録を確認した。,raw-L01315,0.40799064194661505,1316,ロトさんの限界は350＋650＝1000だべ？
without_punctuation,a97417e9ea3aea4c342759f7,俺はAからBへ3個を渡したんだが。,raw-L04861,0.3608835515292395,4862,"その分隔の差がでかいだろ
だからこの二つで比較したんだが、頭平気か？

おまえこそ釣りだろ"
without_punctuation,dba3429ac8d34476f1bc4d3e,俺はAからBへ3個を渡したからな。,raw-L03472,0.31805869545044313,3473,"やめとけ
やったら殺す
前のＨＰ荒らした奴は全員住んでる住所をつきとめて殺したからな"
without_punctuation,a0a8ef828ba112e6d0f70d00,俺はAからBへ3個を渡した。,raw-L00189,0.25387400603386634,190,俺は高二だ
without_punctuation,65f8f45806be513b274d0e75,もしぜいいんが来れば確認する。,raw-L10469,0.18319180706949711,10471,"本人じゃない。普通の意見言っただけだしな
管理人は無関係で出た名前のレスは削除してほしい
これが当たり前になったらＰスキルあるやつはぜいいん晒されることになるぞ？"
without_punctuation,82194e41426a7cfe046297b4,私立学校でふいんきを調べた。,raw-L01210,0.18518695201628502,1211,不良だから学校さぼるべ？
without_punctuation,8b17ae36dc41dda0e792a299,私立学校でふいんきを調べたからな。,raw-L02601,0.16843562357466946,2602,世界１だからな
without_punctuation,18c27da631462029ab0e6038,私立学校でふいんきを調べたんだが。,raw-L15578,0.19356745280579266,15579,"光は2ｃｈ見てないってさっきも言ったんだが
ちゃんとログくらい読めよ"
without_punctuation,9fd74965954422d091288be5,田中がAを復旧したからな。,raw-L03472,0.2910531500088146,3473,"やめとけ
やったら殺す
前のＨＰ荒らした奴は全員住んでる住所をつきとめて殺したからな"
without_punctuation,5e277fb454994996df935fe9,田中がAを復旧したんだが。,raw-L04861,0.32488558130718104,4862,"その分隔の差がでかいだろ
だからこの二つで比較したんだが、頭平気か？

おまえこそ釣りだろ"
without_punctuation,68faef2a12a47cc8049c206b,Bは停止中なんだが。,raw-L15690,0.28163144429495324,15691,"は？日本語なんだが？

はぁ？それはありえないんだが？
資料であることとそうでないことはテレビの報道によるニュースで明らかだぞ？"
without_punctuation,1000edcfaba44089832295fa,Bは停止中だからな。,raw-L02601,0.8411286968876241,2602,世界１だからな
without_punctuation,66dbef94505c5ba041a2cc3b,俺は明日確認するんだが。,raw-L00877,0.24275226057883206,878,"なんでゼータ２馬鹿にするんだ？
おまえらはゼータ２より強いのか？"
without_punctuation,cfcd3fcf5c33cb7ef1cfcf4e,俺は明日確認するからな。,raw-L07232,0.2685599526538546,7233,"うるさいないちいち
ちょっと間違えて勘違いしただけだろ
焦ってれば誰でもミスはするからな"
without_punctuation,44f755efebe1fd5937673221,俺は明日確認する。,raw-L00189,0.1522281839444774,190,俺は高二だ
without_punctuation,fca2386d4769cbe241f14b48,田中は佐藤を助けなかったんだが。,raw-L13095,0.2630609613869107,13096,"当時はブロントの鯖で持ってる人いなかったんだが
ブロントを知らないくせにあんまりふざけたこと言うなよ"
without_punctuation,1c7d67e7f192da20cd18da2b,田中は佐藤を助けなかったからな。,raw-L06067,0.22260756569493023,6068,"今そのBurontって人いたから聞いてみたけどここに書いてないってさ
やっぱ全然関係なかったか"
without_punctuation,2387d96b0e46ace380a2be10,担当者が100件の記録を確認したんだが。,raw-L04861,0.28031964879096305,4862,"その分隔の差がでかいだろ
だからこの二つで比較したんだが、頭平気か？

おまえこそ釣りだろ"
without_punctuation,3e0aa1efda6b5289c5805dfd,担当者が100件の記録を確認したからな。,raw-L03472,0.2517799887589256,3473,"やめとけ
やったら殺す
前のＨＰ荒らした奴は全員住んでる住所をつきとめて殺したからな"
without_punctuation,602f2410c67d0f3094ebee9f,今日は雨が降っているんだが。,raw-L05970,0.5552511718069345,5971,今日は休み
without_punctuation,71cf283ce550dc7618356890,今日は雨が降っているからな。,raw-L05970,0.5761121389439158,5971,今日は休み
without_punctuation,f92914a4ab68e29872fa2ecd,会議が長くて疲れたんだが。,raw-L15578,0.26168844103610195,15579,"光は2ｃｈ見てないってさっきも言ったんだが
ちゃんとログくらい読めよ"
without_punctuation,070c88f21c275d1625904bf3,会議が長くて疲れたからな。,raw-L03602,0.3221613997379276,3603,"呼ばれたから来たべ
俺の偽者がいるとはいい度胸だな"
without_punctuation,e2b2afc844fbcdf70c0d279b,念のため資料を何度も見直したので提出が遅れたからな。,raw-L06874,0.24384353845213705,6875,全てが解決したのでこれで終了
without_punctuation,8f02c51e0e2e3fb6c60603a2,念のため資料を何度も見直したので提出が遅れたんだが。,raw-L06874,0.2644613101930024,6875,全てが解決したのでこれで終了
