line,category,post_id,text
1,section_title,,SBR理想の果てに ～紅蓮痰と１２人の円卓の騎士達～
18,section_title,,SB理想の果てに～こなゆき14連敗～
37,section_title,,SBR理想の果てにロト15回目の失敗！
61,section_title,,【+ 激しく】スパロボインパクト140【飛影 +】
90,section_title,,【まるこ姉】スパロボIMPACＴ141【最狂説】
451,section_title,,【ブーブーと】ｽﾊﾟﾛﾎﾞIMNACT142【夜は更けて】
508,section_title,,【Ｆ91】スパロボｲﾝﾊﾟｸﾄ146【廃棄処分】
725,section_title,,【ｲｹｲｹﾎﾞｸﾗﾉ】スパロボインパクト148【ﾄﾘﾌﾟﾙｼﾞﾑ】
917,section_title,,【君が望む】スパロボインパクト152【ﾌｫﾙﾂｧ!】
1008,section_title,,【逝け！】スパロボインパクト155【グローバイン】
1304,section_title,,【燃えろ！】スパロボＩＭＰＡＣＴ156【ｲｲｵﾄｺ】
1440,section_title,,【ﾘｱ厨】スパロボＩＭＰＡＣＴ157【お断り】
1516,section_title,,【ﾄﾞﾘﾙ】スパロボＩＭＰＡＣＴ158【ちんちん】
1657,section_title,,【逝って】スパロボインパクト161【しまえぇぇ】
1903,section_title,,【タカラ】スパロボインパクト166【暴走】
2149,section_title,,【ほとんど】スパロボインパクト170【雑談】
2210,section_title,,【大人になれよ】ＳＲＷ１７０【みんな】
2286,section_title,,【線路は続くよ】ＳＲＷ１７１【どこまでも】
2476,section_title,,【ﾌﾟﾙ&ﾌﾟﾙﾂｰに】ｽﾊﾟﾛﾎﾞｲﾝﾊﾟｸﾄ173【ｶｯﾄｲﾝを！】
2550,section_title,,【ご奉仕】スパロボＩＭＰＡＣＴ178【するにゃん】
2708,section_title,,【全裸で】SRWインパクト181【スパロボ】
2971,section_title,,【心機】スパロボインパクト195【一転】
3011,section_title,,【エロ】スパロボインパクト196【一揆】
3104,section_title,,【オニギリ】スパロボスレ215【食べよう】
3227,section_title,,【グロンギ語】スパロボ219【意味不明】
3273,section_title,,【偽りの】Ｓ.Ｒ.Ｗ. PART.225【平和】
3420,section_title,,【まだまだ】スパイン397【続きます】
3573,section_title,,【ハチベェも】インパクト４０５【ついウカーソ】
3757,section_title,,戦士を語るスレ
3929,section_title,,【弱さを】シーフスレPart2【愛する】
3949,section_title,,■黒魔道士協会Part1.5■
3971,section_title,,モンクスレ2
3998,section_title,,白魔道師を語るスレ２
4019,section_title,,CM見たんだけど１１やるとヒッキーになっちゃうの？
4042,section_title,,ヒュームで戦士の奴はリア厨確高いよ～
4058,section_title,,キャラネームの由来を教えてつかぁさい
4080,section_title,,白魔道士組合 Part 15
4093,section_title,,【最弱】白魔導士のソロは終わってますか？【早死】
4122,section_title,,【Ｄ】武器・防具を語るスレッド Ｌｖ２～【防】
4158,section_title,,Fenrir(06)フェンリル鯖総合スレ2
4207,section_title,,【そろそろ】競売所/ｵｰｸｼｮﾝｽﾚ【慣れた？】
4251,section_title,,† 暗 黒 騎 士 Part_3 †
4373,section_title,,【最強房】暗黒騎士 Pat_4【全員集合】
4565,section_title,,【センチ】ナイト総合スレッド３【ネンタル】
4708,section_title,,【俺が】勇者さまスレ【最強】
4831,section_title,,【だまって】暗黒騎士修正要望【修正しろ】
5016,section_title,,†暗黒騎士Part_32 †
5061,section_title,,【隔528】バーバリアンサイズはファルカストラより弱い【命中-5】
5594,section_title,,【廃人の証】グラットンソードは最強【ナイトの宝】
6200,section_title,,【廃人の証】グラットンソードは最強2【内藤の証】
6997,section_title,,【最狂の証】ｸﾞﾗｯﾄﾝｿｰﾄﾞは最強3【Burontの宝】
7431,section_title,,【名誉既存】ﾌﾞﾛｯﾄﾝｿｰﾄﾞは最強4【仏の顔を三度】
7752,section_title,,【時代は】ｸﾞﾗｯﾄﾝｿｰﾄﾞは最凶５【セイブザクイーン】
8199,section_title,,そろそろ竜騎士の時代だろ
8484,section_title,,【正直】ナイトはゴミジョブpart3【寄生虫】
8504,section_title,,【合法】天下一武装会【ＭＰＫ】
8587,section_title,,【取るな】天然素材【ころすぞ】
9215,section_title,,【最高武器】ナイトの時代【最強盾】
9331,section_title,,【迷惑】低ﾚﾍﾞﾙはﾏｼﾞ糞【考えるべき】
9387,section_title,,ブラッドソード最強
9419,section_title,,【祭り好き共】でで汚祭り再び【ついに来た】
9622,section_title,,【フレ♀】５００万の破壊スキル【沈黙】
9730,section_title,,ナイト弱体スレ
9759,section_title,,【弱体】ま　た　ナ　イ　ト　か【必須】
9911,section_title,,【廃人の証】ナイトメアソードは最強【ナイトの宝】
10038,section_title,,【せＹで話すな】常識無いｶｽ【ｔｅｌでこいよ】
10107,section_title,,【廃人は】【勝組だった】
10165,section_title,,【３日前から張ってます】08:ValeforVol.6【遠慮しろ！】
10404,section_title,,【魔法は勘弁】08:Valefor鯖総合スレ Vol.7【超装備！】
10435,section_title,,【マジで】08:Valefor鯖総合スレ Vol.17【糞漏れた】
10624,section_title,,【ぜいいん】08:Valefor鯖総合スレ Vol.18【じょうずく】
10913,section_title,,元スレ不明
10968,section_title,,【もう】侍【無理】
11137,section_title,,どのジョブも認める最不遇ジョブとは
11253,section_title,,ーーーーーﾏｼﾞ終ーーーーーー
11351,section_title,,【残心】LV4 SAM【斬新】
11897,section_title,,【FF11】侍5【真骨董】
12126,section_title,,【みんな】SAMURAI　侍6【興味なし？】
12214,section_title,,侍神化計画
12293,section_title,,【三騎士】不遇ジョブを愛する人のスレ【シ詩召】
12403,section_title,,レベルキャップまで育てると激しく後悔するジョブ
12443,section_title,,サムライサイコ～スレ999
12550,section_title,,ソロ黒で時給6000だというのにお前らは
12621,section_title,,侍強すぎ
12795,section_title,,侍を真剣に語るスレ
12826,section_title,,侍を真剣に語るスレ２
12867,section_title,,とうとう侍までもがﾈｶﾞｷｬﾝ工作に参戦してきたか
12987,section_title,,ナイトと忍者のＬＳ信頼度は違いすぎた
13568,section_title,,ナイト盾ＰＴについて
13602,section_title,,拝啓■e様、もはやナイト弱体は避けられません。
13641,section_title,,☆忍者弱体を要望しよう☆
13660,section_title,,勝手に名前晒すヤツは豚糞
13721,section_title,,【追加NM】NM76匹目【徹底解明】
13765,section_title,,さすがにナイトは格が違った
13804,section_title,,ナイトはヴァナ最強であるべき part2
13845,section_title,,【辻ケアルします】NM91匹目【GM呼ばないでね】
13881,section_title,,【ナイト】メリポで時給７０００切った【樽前衛】
13972,section_title,,一般的に言ってナイトが最強か
14151,section_title,,ジョブ調整について　三言目
14179,section_title,,シ　ー　フ　お　わ　っ　た　な 2
14207,section_title,,【豆腐】ナイトはサポ戦肉盾を今すぐやめろ【白身】
14228,section_title,,空蝉＝ナイトなのに忍者は余計
14470,section_title,,汚い卑怯ばかりする忍者
14498,section_title,,忍/戦、戦/忍は異常。
14531,section_title,,後衛がどれだけ苦しいか解る？
14558,section_title,,守りイージスフルケーニヒないナイトは解約しろ
14600,section_title,,50～55キャップ時代の縄張りの殺伐さは異常
14652,section_title,,ナイズルアサルトに既存NM/HNM配置
14810,section_title,,【世界】守りのナイト・攻撃の黒【ＰＴ】
14847,section_title,,布団の中で全体サーチをしてしまう
14997,section_title,,【ギルティ】恥知らずなカイ使いがいた！！【ギア】
15113,section_title,,ギルティギアやってる奴ちょっと来い　in ネ実
15165,section_title,,アトルガンと間違えてガトリングガン買ってきた
15185,section_title,,カイ使う奴は雑魚狩り専門
15207,section_title,,2D格ゲーの最高作はギルティ
15235,section_title,,最近の格ゲーって何でつまんないの？
15310,section_title,,GGXXAC　Part114
15370,section_title,,ブロント最強伝説
15415,section_title,,◆神羅万象チョコ◇80枚目◆
15618,section_title,,国際ブロント検定
15660,section_title,,ブロントファンクラブ　アケ板支部
15680,section_title,,デスノートおわったな！
15753,section_title,,小畑が捕まったのにお前らはＦＦか
15801,section_title,,リーマンとニートを一緒にするな
15855,section_title,,ブロントのガイドライン　仏の顔を3度まで
15882,section_title,,エアリス使う奴は心が醜い
15904,section_title,,音ゲープレイヤーでむかついた遭遇その1
15927,section_title,,もてない奴は根性からしてダメだった
15957,section_title,,(DDR)AC版DanceDanceRevolution SuperNOVA2 Part80
16011,section_title,,ゲーセンでIIDXをやっていたら
16034,section_title,,最近のゲーセンではマナーが最悪なやつが多い
16063,section_title,,【DQ5】NDS雑談163【キター】
16108,section_title,,ブロントのGL ナイトのいないLSに未来82い
16109,editorial_note,,（「その絶望が健康賢者の第一ぴを踏み出すリアルの苦しみの味だよ？」を捜索した時の一番年月古いログ　これが本当に元ログがどうかは知らん）
16134,section_title,,つまらない小説を無理矢理褒めちぎるスレ10
16161,section_title,,Odin鯖のTsukasaooを垢バンに追い込むスレ
16248,section_title,,【MHP2G】ウザイプレイ仲間54人目【名人様・愚痴】
16288,section_title,,【完全】Quest of D part396【終了】
